<?xml version="1.0" encoding="utf-8"?>
<project xmlns="http://maven.apache.org/POM/4.0.0" xmlns:xsi="http://www.w3.org/2001/XMLSchema-instance" xsi:schemaLocation="http://maven.apache.org/POM/4.0.0 http://maven.apache.org/maven-v4_0_0.xsd">
  <parent>
    <artifactId>jena-parent</artifactId>
    <groupId>org.apache.jena</groupId>
    <version>16</version>
    <relativePath>../jena-parent/pom.xml</relativePath>
  </parent>
  <modelVersion>4.0.0</modelVersion>
  <artifactId>jena-shaded-guava</artifactId>
  <name>Apache Jena - Shadowed external libraries</name>
  <version>3.1.0</version>
  <description>This module shades Google's Guava.
    Direct use can lead to versioning problems 
    as some systems are dependent on specific
    versions of guava. 
    This module uses the Shade plugin to 
    re-package them under the package name
    org.apache.jena.ext.com.google....</description>
  <build>
    <plugins>
      <plugin>
        <artifactId>maven-shade-plugin</artifactId>
        <executions>
          <execution>
            <phase>package</phase>
            <goals>
              <goal>shade</goal>
            </goals>
          </execution>
        </executions>
        <configuration>
          <createSourcesJar>true</createSourcesJar>
          <artifactSet>
            <includes>
              <artifact>com.google.guava:guava</artifact>
            </includes>
          </artifactSet>
          <filters>
            <filter>
              <artifact>com.google.guava:guava</artifact>
              <includes>
                <include>com/google/common/**</include>
                <include>com/google/thirdparty/**</include>
              </includes>
            </filter>
          </filters>
          <relocations>
            <relocation>
              <pattern>com.google.common</pattern>
              <shadedPattern>org.apache.jena.ext.com.google.common</shadedPattern>
            </relocation>
            <relocation>
              <pattern>com.google.thirdparty</pattern>
              <shadedPattern>org.apache.jena.ext.com.google.thirdparty</shadedPattern>
            </relocation>
          </relocations>
        </configuration>
      </plugin>
    </plugins>
  </build>
  <dependencies>
    <dependency>
      <groupId>junit</groupId>
      <artifactId>junit</artifactId>
      <version>4.12</version>
      <scope>test</scope>
      <exclusions>
        <exclusion>
          <artifactId>hamcrest-core</artifactId>
          <groupId>org.hamcrest</groupId>
        </exclusion>
      </exclusions>
    </dependency>
    <dependency>
      <groupId>org.slf4j</groupId>
      <artifactId>slf4j-api</artifactId>
      <version>1.7.20</version>
      <scope>compile</scope>
    </dependency>
    <dependency>
      <groupId>org.slf4j</groupId>
      <artifactId>slf4j-log4j12</artifactId>
      <version>1.7.20</version>
      <scope>compile</scope>
      <optional>true</optional>
    </dependency>
    <dependency>
      <groupId>log4j</groupId>
      <artifactId>log4j</artifactId>
      <version>1.2.17</version>
      <scope>compile</scope>
      <optional>true</optional>
    </dependency>
  </dependencies>
</project>

